epoch,time,memory,val_loss,jaccard,f1,train_loss
1,552.3615424633026,31577600,0.10863589693008041,0.4927470710321038,0.5474734865242225,0.1447142219767893
2,952.9070374965668,31577600,0.11474559223420895,0.49102791654665057,0.5421750338968897,0.11304652231898968
3,1349.1876680850983,31577600,0.11310806391211538,0.5029495680948158,0.558609760369211,0.1054251060945962
4,1750.1265332698822,31577600,0.11483797661416617,0.5070129066796288,0.5451816372052515,0.100959799440437
5,2142.054692029953,31577600,0.10042846314948743,0.5104241740739817,0.5994665459658962,0.09630947273320738
6,2537.518488407135,31577600,0.10206677934500222,0.5158609564905833,0.6196145478715288,0.09463051141122032
7,2931.0587203502655,31577600,0.10377812383577545,0.5214062356658982,0.592116951489521,0.09177739123737752
8,3333.7780063152313,31577600,0.12107922249306616,0.5091408048176114,0.5618057626902514,0.08928945009382828
9,3743.7378389835358,31577600,0.0996289906604357,0.5313252872790247,0.6422408732237425,0.08782888912145215
